{
  "totalLives": 30,
  "averageSurvival": 36.93336666666666,
  "maxSurvival": 208.692,
  "minSurvival": 2.396,
  "lastSurvival": 6.01,
  "statesExplored": 0,
  "averageReward": 0,
  "learningProgress": -33.52314897086649
}